business_id,polarity
--9e1ONYQuAa-CB_Rrw7Tw,1.5119880781454242
-050d_XIor1NpCuWkbIVaQ,1.3504066140594868
-3zffZUHoY8bQjGfPSoBKQ,1.4380278306028806
-6tvduBzjLI1ISfs3F_qTg,1.6058677333938314
-95mbLJsa0CxXhpaNL4LvA,1.3706273158044295
-9dmhyBvepc08KPEHlEM0w,1.0422530378027173
-Bdw-5H5C4AYSMGnAvmnzw,1.665054504801217
-Eu04UHRqmGGyvYRDY8-tg,1.5540712064256483
-FLnsWAa4AGEW4NgE8Fqew,1.4310491571560142
-FtngCwHCD2tRlH8jpj_Ag,1.067569504960726
-Ht7HiGBox8lS1Y8IPjO8g,1.5442127506919112
-IWsoxH7mLJTTpU5MmWY4w,1.3919836005933421
-U7tvCtaraTQ9b0zBhpBMA,0.9297925675596868
-WLrZPzjKfrftLWaCi1QZQ,1.523342508349494
-Ylpy3VyRWwubf9dysuwjQ,1.3045585963454842
-ZBfr1BHvArFp1d6XH8jOQ,1.5984757117571857
-av1lZI1JDY_RZN2eTMnWg,1.2269067792931059
-bd4BQcl1ekgo7avaFngIw,1.3647966628674313
-ed0Yc9on37RoIoG2ZgxBA,1.513352724236088
-fiUXzkxRfbHY9TKWwuptw,1.4493938978615197
-kG0N8sBhBotMbu0KVSPaw,0.5948172541870419
-kIscN8I29eXMPkvyyxmRQ,1.75541966143082
-rhH9sL3XGFpoJXcxUpEWA,1.412471063866231
-sAr-LA9TsIdl37UjwBlvg,1.348720772581224
-yApKLEFAvvNyifvpNKWCA,1.172451901501369
01fuY2NNscttoTxOYbuZXw,1.5566861236787217
07AZL5XenCQ_-op_onKLdw,1.4730083882669531
0AQnRQw34IQW9-1gJkYnMA,1.0190818663017445
0EgYXYjt2XJL4hlsKnzrcw,1.6015917195633738
0FUtlsQrJI7LhqDPxLumEw,1.5764671540021618
0NmTwqYEQiKErDv4a55obg,1.6190612224326228
0W4lkclzZThpx3V65bVgig,1.2454165091986162
0W_pPAiTXgazY2mtX6o0_w,1.283177192518524
0WoQQlMXVIDEgI0xNdENKA,1.1726908763662187
0_aeYE2-VbsZts_UpILgDw,1.4904105616298418
0d0i0FaJq1GIeW1rS2D-5w,1.5880463679886918
0gXYLVPNWz0WT8wXQVpS0g,1.539278939016505
0ldxjei8v4q95fApIei3Lg,1.4983124470109512
0pvEQRFVBjxz1W7dNpNZFg,1.399872366850215
0q_BHpxbikVtPRRLRu-U0g,1.5729814025346343
0w3BdEOxvwKTpypwbN5kiQ,1.1432444189956708
1BrIPwRhJHOp6yBwjoRtgg,1.4850430127071506
1CR2ddUcjYYwRd5JLtiRrw,1.2097102671036153
1DP5vHxJzCDbgawv0WC3yA,1.4133312639035258
1SqLPgnZEVeVYDM-AuoFhg,1.2311619253512514
1ZnVfS-qP19upP_fwOhZsA,1.277153684335166
1d6c6Q2j2jwVzBfX_dLHlg,1.351818540273035
1jpYP-JNOEYCMIzP4OlGuQ,1.554185101045624
1qwkbN3wu3AGDxMTXVz2gA,1.3982700491566125
1xO2LvScpcMfl2BNm1aISg,1.3806642903432442
2DmTw0k3bcXuHdAyxO_bkw,1.4765936387259806
2GmGT-7QjowR1ihup3FbVA,1.4989301186228363
2KWkeOk1KaH50Es_A-8cnA,1.4274650878575212
2SfSzEd3B7WimeZac23zhg,1.6986968116465289
2g4ZTD3ePNSbDAvh6qAOKQ,1.4805904921267257
2gUbgbdJ7IFSbicBXlSchw,1.4946904084642645
2iTsRqUsPGRH1li1WVRvKQ,1.5621106733145913
2sx52lDoiEtef7xgPCaoBw,1.6614991087900899
2weQS-RnoOBhb1KsHKyoSQ,1.208049658074795
364hhL5st0LV16UcBHRJ3A,1.6022781061281037
366FaRQ1MWEHBhaEKTcriQ,1.6491046996547678
3BCsAgo_1i4xMuTyLKMLRQ,1.5293825956007538
3C5Z9homtzkWHouH2BHXYQ,1.632054045996476
3GEEy7RP6e4bT4LAiWFMFQ,1.6152005232790818
3Gt3xskppi9jZuTrwrhLNg,1.521714544761769
3Jq5LfJ5fmJ5KmuA6VHmzw,1.3146216286138936
3LWsVfsSmb_Nzbi2YQ-NIA,1.6280194628856322
3Mx4renubPRnjHUw1n2UkA,0.7015858709747064
3N9U549Zse8UP-MwKZAjAQ,1.6024604418145514
3T0Erqk1MKtN58764yZMfw,0.741543515855404
3_QNAH8yVzY0sBPftWyNhQ,1.2597558264366935
3ajqOW9A7VhResA08I7RTg,1.183258243647004
3cHL1r5w2oLYH-veijtweA,1.401686908694369
3kdSl5mo9dWC4clrQjEDGg,1.7351999464948096
3l54GTr8-E3XPbIxnF_sAA,1.6367875388352113
3xmfT7l3xNH5LK1dLzfvGw,1.0837200393769066
44kd3YdkhXj5XiSPs5XNjQ,1.2421260595717551
46Ld9Qc9nAx_A0jwclNZiw,1.5766981161613929
4GXII-GU7S0ZyU6ElkhscQ,0.5412279490540223
4JNXUYY8wbaaDmk3BPzlWw,1.610383505475859
4VkLiFoIEjTTpbCRgxjnCQ,1.5758926522427585
4X0KWUPcD2EkHN83aa4cXg,0.7893716070069061
4dCOilGYflzGzizOPKyvow,1.6750017019938328
4hG2j_ibsNblDgqei05U_g,1.402608394423502
4iB4J5fxd8tbYklDAnaD5g,0.8416813066293595
4k3RlMAMd46DZ_JyZU0lMg,1.4225856562545616
4qG3Gh8QyugC1XvoTlmgcQ,1.671118004691874
53tPoc8JgbTTTAMja_ciKQ,0.8872864373465114
5CJL_2-XwCGBmOav4mFdYg,1.3061618242757433
5DDumAHRKumv3gZiPKW6iw,1.4989591547554921
5FIOXmUE3qMviX9GafGH-Q,1.3578741124066924
5LNZ67Yw9RD6nf4_UhXOjw,1.2713847870648594
5T6kFKFycym_GkhgOiysIw,1.304179346451615
5Zc41a446gV3K_o7CDs69Q,0.47059512577010687
5_ymZOB8eIfi6nzzL5-SbQ,1.426174271336871
5eK_pgro9_LxPYDoRVJnEA,1.5596432234599358
5eV8oUGdBXylwB7HeaDFOA,1.7063375019917755
5iSmZO0SrKU6EoXK_1M8Kw,0.6342477103713917
5shgJB7a-2_gdnzc0gsOtg,1.5734884610578337
5zDP3Y2hdh6GJL9DVbQ2KA,1.602162862775478
64A4CTvJ2uRQVPkJ5E91ag,1.0460738340293423
64dfRmMmUsOdLnkBOtzp4w,1.4845489997883374
65eDIQ8bpMJFtgdyX7ulVA,1.5268923642205634
67zCgILB2h6JoSvFabVe7g,1.513969972930606
698nukvxe7mq2Fra5vDikQ,1.4608743969273355
6ANVuBMmpkXpFd5Hzkn4_Q,1.1430051303255322
6Ct57qgmXwOnzfSZoUGh0Q,0.7791244406822115
6Iu4YDjAPrDRRrPCt_E2zA,1.4873710178383883
6Q7-wkCPc1KF75jZLOTcMw,0.5132499548673518
6Vyp-9i1jzwK_bvisuPJpQ,1.2527592651953756
6fPQJq4f_yiq1NHn0fd11Q,1.2778903569778322
6kkxRV8H9SQLybj0xnEbMw,1.2189658460166974
6nKR80xEGHYf2UxAe_Cu_g,1.5886047377098793
6t7mlTVjDA9fhuFAZmVzAQ,1.1866499729134221
6tSvz_21BMo3a4GaItwa0g,1.500873336930955
6xgcHeLad-VaoTIQewK84A,1.4834576210866393
73_UT7fZ7mzXcguX8-oSuQ,1.3089037776073527
77h11eWv6HKJAgojLx8G4w,1.0476258282860933
7EZ4Eu7YJ1ltRCC5jXFJrQ,0.8170388398766526
7Gkd18xKnIA324Fp7JHRRQ,0.8379807057738016
7MNBIoGznDHhC1AfxGWOFw,-0.2710085262452385
7MeMGh0SUlF-GuTyruwtcw,1.34454354579056
7Ny2GHLw8xl_kXfhfrvh5w,1.2625103255643635
7Q2cYSl5NBYytJzgjX0oKw,1.0141997989587264
7RTwUpuPFnIHPoTmWJpWhQ,1.3462029428417481
7U-yh8dvsvhd87i2crfOAw,1.1464160541377393
7cK9uEV09iPmsTqOqmY3kQ,1.5228586457720417
7fxebHYUwIF6CakxSr70iQ,1.2643451395807739
7ibuDLfx8gEhESAufYIySw,1.2930804783657268
7m1Oa1VYV98UUuo_6i0EZg,1.6292623635801147
7mGZrCzGGjS95SdRtEaGcQ,1.5572542275703434
7sPNbCx7vGAaH7SbNPZ6oA,1.3386326464709504
7sb2FYLS2sejZKxRYF9mtg,1.4404624256510004
7tNY4BYLA4laqWNV4IWGQg,1.5371300149268505
7wHLFohwCw8l6WS-feLjeg,1.644853220381503
7yIHC8KsR5OaE_7MgEBVhw,1.606639041294006
8-_jXGGDFPFAPB4r1x-81w,1.298261071071808
825nC-s-cQG6Hsul5Gm2cA,1.407177056381713
8796vXaydw2aY_zER0n9uA,1.632033797174587
89uU51kOiQXbJHVA3C6XMQ,1.2785113113947748
8I5U8OQ06nSxX2y4PPOWzQ,1.2160365097435983
8Q6jl7OW8DZzwANggDspcw,1.0721900168378573
8R_oemw4rNjJL6sd40O_oQ,1.2177984591122346
8Vpfy_WtcVvZS8Wfz7JQJA,1.4403493386724655
8Zqh2jwtncA3N4fWEMTvZQ,1.6263182339425841
8mIrX_LrOnAqWsB5JrOojQ,1.320146380128203
8nP8ghEpT6WFcM6tfqAaGA,1.293499882747832
8olG8J91NG_QU92WHG5QfA,1.3762526110984061
9-cVW8wSRoE6Nmnc7v0uUA,1.45450923330593
90bL34o2KEes9pUnCOm7pQ,1.7361607446819396
966W5oXOBW0ZWhNYy0yjcA,1.4266318218314042
9MnbQg7kfb_WgxoV0hXKSQ,1.5177021687978358
9PIC380tmNYpIC3z5cvcNA,1.607633796173548
9SU7ZZhaFUJJ6m2k5HKHeg,0.8448318757169803
9a3DrZvpYxVs3k_qwlCNSw,1.6613908856300275
9dqdzRzjSfbnMvjUGqWBAw,1.3416939047130867
9fTDeI6mApFX52qYJ8z0mw,1.682401935205994
9wjTzw8bEYOTQJk41V8WQw,0.48711030428399604
9yESUcIVarhYEabIMj844Q,1.4457132786813989
A-uZAD4zP3rRxb44WUGV5w,1.7745680987576429
A0X1baHPgw9IiBRivu0G9g,1.4977189610424746
A5Rkh7UymKm0_Rxm9K2PJw,1.4778215756691722
ABJjxuO6oh5D9R48-eAUdQ,0.7128668727674928
ADgacmZ-qXrSOhMfU6bmTA,1.4061012901672012
ALn_0f-Usn3n0a9WBcjhhg,1.3318507559635615
ALwAlxItASeEs2vYAeLXHA,1.5269708155574313
AT_xDv2Lm5K7VtER1fp-SA,1.5361864443165991
AV6weBrZFFBfRGCbcRGO4g,0.6489914999325587
AbPQf-X7awuPFDULiJ43bg,1.480289886279765
AfN3Z1U6QPEgAb5F2CQm8w,1.35866298912452
AhPmh0NaRDbEYyhd9egzLA,1.611844946962002
AjWFFZN8KwyqJzzi0DyEsw,1.242554616088222
Ak08F6RqjHYmVCzweBbTrQ,1.4646617917610545
Al0uCu7s9LQEURwV1F6Bfg,0.9596167637391328
Ap17p-tA4Ipzy1s35DfCfg,1.7522786760742537
ArmAaGCdCVAlkhdtaT6RzQ,1.4154225929333897
AtD6B83S4Mbmq0t7iDnUVA,1.6316238478348988
AyEtowSGi9vx0-xFfrgjWw,1.3571254374142292
Az_60nNuh1FH8Ds8oasZjw,1.2889369975185478
B32Ghxep_UhiscserSXMSA,1.1871195153386256
B70iTJjcPkuYn8ouUewWgw,1.569475852427812
BCAw9a_kyx2RddRH9tMmKQ,1.0187011207088175
BEplfZTUzYwApjMUaOA12w,1.5607336471773936
BGGQOJQTQerEQu0kHbT_UQ,1.5258748733565966
BH9z7IJ4zydAqgwsbqoVZQ,1.3470228565720326
BIBWGO_r_1znnlmLbp4Nxg,0.9764131877461327
BJLhJdmhUxV95BHAxZluzA,1.3150155817896538
BLIJ-p5wYuAhw6Pp6mh6mw,0.9220764050838747
BORPULADzZV6_LJZzcsywQ,1.0571559986166208
B_WggEKFq-ZFNui8CHPYvA,1.4474151861323332
BcW7Z9lPmOB_8eS2lEuOqQ,1.4721847594123048
BgQ5ob0QiZfO5YbgI7VyFw,1.5098795194124939
BjH8Xepc10i6OhCDQdX6og,1.3052301308049044
BslEhCyzaQPfpHtDogb4hQ,1.1724828219140613
BuS11AF9XSHEShscxQEzeg,1.531932844467725
BxKe9Xt_fN6qBzrTofHuEQ,1.04282659281192
ByFMv3p5X1aNeZhU61rDcA,0.6643332412925781
C2BR0TjNacoNzItPLUHTAA,1.713988310180557
C6C_dc78Zhzei9wrZs-tdQ,0.8192798677331478
C6cZf419zes2W1S7MfRV6A,1.3140111528317537
C8D_GU9cDDjbOJfCaGXxDQ,1.5256730680803092
C9ImzBi5fn742ZcAYDww2A,1.5280459124330243
CCRgGKhzxSpl38w7yhqKUw,1.0998014249001289
CMN3KmB5SEfONN00s2nEeQ,0.31090101278281285
CQk3WJtULz_xOkUM6o7wpQ,1.4545146021999789
CUivTcULsu5MJIYYNVm1zw,1.450573856992477
CVKOPzBVOj3_apFUmZ9ZWw,1.3238725668987283
CZhc8YXdFLhAI4ViC2ERTg,1.663300804319813
CauQnqZ5eowyrr7oWF_p3Q,1.502826619498573
CiYLq33nAyghFkUR15pP-Q,1.2944697660009405
Cni2l-VKG_pdospJ6xliXQ,1.3726298533490147
CoyeXg8FBsS_d20QzNIy-A,1.6629453660579256
Cr4ipI-tr-R8Q0NilkWNkA,1.4758705431177022
CuT2Xh3vAYvRfxUWlUo6oA,1.452419896893371
D-2t7fHQu6hNLjjfRHSZaA,1.639283186304736
D2ojX9bvE0_-aIj9BhdZZA,1.6297959527690533
D3dAx-QW_uuClz4MambeHA,1.4207215798131938
D8a2usm9b-j89W9IrJ_Evw,1.6023509919613574
DE89UdHFMCN6DtYWZuer5A,1.4005198531878884
DESv2ys6SjBKA4SyDtJvxw,1.6649398138467524
DMyoxEaTGTakZxWgh1D5bw,1.6032558551253464
DVfCbJhJUDWRlUfrKzaKOA,0.4287973268707447
DXlDzOcpdUE_F21tok0fgw,1.1817540795464248
DYAorbxOyubUB_wtQRCdug,1.3855324698087685
DYuOxkW4DtlJsTHdxdXSlg,1.4972683300131073
DbEszO3wk1xVmN3pCPob2g,1.7445669457835966
DfgZlNgKwBvCpA_0alumXw,1.096314006356313
DgZ-pZUo3drzpiCDlDr9IQ,1.634312209744842
DkYS3arLOhA8si5uUEmHOw,1.3692884090922768
DkZuVzYuylBanEsWK7mNGw,1.6124863739192132
DnV2o694nhnjuRmyR39l3Q,1.377073030855483
Dxaz8OxaadecnWol18kAtw,1.3919266074005536
DxgSVufr_6y_Rc63CC17Zg,1.3547969304983873
DyOzNIeXUksPNLXYHnB-oQ,1.6060406835481105
DymZ5vpm7vkSsR__-4sflw,1.6003821885096579
DzKl51tivGJMLiNsQqf38w,1.3796127593081244
E-LZ0Xl1ETDeMrtM9H3-PQ,1.5964208616643087
E4JyAzB5_2quptwtemyhYA,1.713133512494665
E62l6LwZJ7lKaExcUbrtYw,1.3333589630654294
E9IPxXY6pS2gTW2FBkAJmg,1.3265683361201623
EAwh1OmG6t6p3nRaZOW_AA,1.2446638420196134
EBnv9_03eNqxQqRQJH4SUw,0.9394181256210072
ECOkEVUodMLUxvI0PMI4gQ,0.930464832868372
EUWBT5GDxPC95w9itZ1EHw,1.2502931720602863
EVxY3Vcc-4uavsq2CQsk3g,1.1761678203446748
Ec9CBmL3285XkeHaNp-bSQ,1.5886400021020137
Eg_M8eeu9SDEdbP7iUmVbQ,1.372802131659402
EgtyW19V-64c6PmRuvzSEA,1.5380863741887092
Ehy00JWQixgoXzisVKhvag,1.6169127916728951
El4FC8jcawUVgw_0EIcbaQ,0.8338018018387483
ElWzx5_fU8S2G45OnM-HpA,1.5513286210981865
EnCIojgP5KTr1leaysFE3A,1.5354356685429313
Er8DpPwf_lHHv64ncWhD8g,1.3838636950900034
F2pfjAZ_3dMTGCKv6c5wOw,1.532128652115955
FI-8LPGkc8D_hwx0l0zyyg,1.5551058752951654
FLMxWQO-ckCQmGZhU9OQgw,1.1552725299915894
FMnH5WIRLyexBYMBUUnDxQ,1.5482552945509305
FNe5PPA9pyj8FjcDefCBpg,1.6574808185837897
FQB3VXrWYM_m_XrzwRozAg,1.1875121419201031
FYa3GUro-ezTM9zvKiocFw,1.5683960558504964
FaHADZARwnY4yvlvpnsfGA,0.7615494469027941
Fi-2ruy5x600SX4avnrFuA,1.0120902229436501
FirWX-Ep5203TsdiGgShKg,1.4770127629616658
FogTa-wmjhVnJCoTiaxvZA,1.6695930198508409
Fv3HvJPQYqfmniTgtIQJzA,1.6377668604981754
FvVSy2r7_zDEhZWqLgjXNQ,1.3672799029642166
G-5kEa6E6PD5fkBRuA7k9Q,1.3494111912451925
G5or_Fra4-6IYOVlm_dI2Q,0.9408315329580931
GHS1rVjO-RMcRB6WJLpCDQ,1.106631448354487
GI-CAiZ_Gg3h21PwrANB4Q,1.59566046335472
GIfZNMP0oIJCje_Xp0Bgrw,1.3944034289496938
GIhzzb9tjqLCYdNP_k3-dQ,1.677065185137998
GJ_bXUPv672YwNg4TneJog,1.1931823391060177
GTR39A2jwNIS_NV8q2r_JA,1.2833673585872396
GZONBn0K1yp2aaD-l8debQ,1.1271863322262907
Gaq3S9lmjXVcuDCZ8ulppw,1.2563845924385673
GdPWJo3z4ySEXpF7Wkn3FA,1.1675997680373122
GmdujALb1Nq2RHGr7jhCaA,1.5045538845024304
GrwvBAEALujIOPQeOfN1vA,1.4834158012294931
Gt4z3AylNTsEPDkzkaC7HA,1.1366612816194737
Gz9SlLqxS6wnxPvgdOQNrA,1.3900904607331614
H0xkoPI-WwbjY7r-Zt-arw,1.1744402241742826
H8qpFitIesth86zqR4cwYg,1.396641588887667
HCCg-rVnHQ2FI6lHs_LvUQ,1.5915640938753388
HGhXbgeMEcg1cIZwxyNDeg,1.0662519879141492
HGvNE87fvK5PwKMZBDkTbA,1.6784365423175247
HPLB1Tr8ZB5UkD-2umKPdA,1.4895034777256537
HQcel0uvg7N7KfhHJChfSQ,1.1722056156516505
HWl2EbZhkhAkFgqt44yUkA,0.7399098528264761
H_FkQxifSo13B2FWjhp36g,1.3083623971246559
HgdFqAvK31fB9sgBdOzo9g,1.7437872123088802
HhVmDybpU7L50Kb5A0jXTg,1.223338856869511
HoKXKkW8oC9q8XnjKLulRw,1.4223991930421505
Hp8k_RpSIWSeJguyaQpfIw,1.7240240004823368
Hqs4YNST_ZHbshwyi4bnsQ,1.6258256124540178
Hr5h_LG9TMBLlFz_Oici0A,1.3091379815933522
I-5qHCVwT7k_KH67-YOx3A,1.2213406171821382
I6EDDi4-Eq_XlFghcDCUhw,1.5936040961581852
IB8zLlGraOg9LU7qQVLPyg,1.2817327035904502
ICdoTODBaprN0UReete9VQ,1.5983592621244014
ID5wWJ9C7G0hfbQilvlfxA,1.338091365904405
IMLrj2klosTFvPRLv56cng,1.5804411982386135
IRzXVRIzRoYpnjaVXF3vNA,1.3279335676026773
IT_4EEIbv6Ox1jBRMyE7pg,1.5825239810299472
IWKtGvVg4hqc9rWHjW8KoA,1.3277685906194467
IWN2heYitkg-D4UdqfxcMA,1.5936485925080492
IZivKqtHyz4-ts8KsnvMrA,1.3868307447774353
I_a74zmgR-X03LsKISWPcg,1.600626295653959
IhNASEZ3XnBHmuuVnWdIwA,1.7060921968917964
Iq7NqQD-sESu3vr9iEGuTA,1.6778568636826179
IqCvkoDvvImXuzGrpeiDMA,1.7003458689347244
IsoLzudHC50oJLiEWpwV-w,1.6135129721763586
ItqPtxnayraXSlBS0EMOgg,1.6726064680913069
IyVdd_IqwUtzQDTxw2W9qw,0.7661914420141838
J07TDs6qnTIaxm48EL1cKQ,1.598501677146693
J1RDyyPxhioqm8c_fi4P4Q,1.5789481666602416
J3FUxMAHfCl-WFo86u5DqA,1.2273700701305106
J4CATH00YZrq8Bne2S4_cw,1.3574567715992412
J6qWt6XIUmIGFHX5rQJA-w,1.4637566857925592
JAmQCmczUclNUfZjkNdjQA,1.3512544513119786
JDZ6_yycNQFTpUZzLIKHUg,1.6479115770881785
JFaTPxWQC14VmFnXLv7W1g,1.3326522381628738
JIETwXSEGIHMNyxZVEnNKQ,1.492155670304128
JJAwT9R6Fp2yyWHtWFA8uQ,1.4811619416588235
JLbgvGM4FXh9zNP4O5ZWjQ,1.4368185732832892
JMiaNitMzMbJm6Kh0RbT5A,1.6063710075959967
JPfi__QJAaRzmfh5aOyFEw,1.6939783547607974
JTFFtWy_chbsHTs95yD_2Q,1.2327010450489335
JWDiG0nSsM7GQ9QFRTxU9w,1.1989220602561657
Ja4stXdNYr39u5CZHMNtjw,1.5708939660025645
JfHXzulF6yIKgA22YYPedw,1.373119820273101
Jj8ubiwwuCR-rrhrrjcryw,1.4663037769681795
JmI9nslLD7KZqRr__Bg6NQ,0.8413519177307043
JpgVl3d20CMRNjf1DVnzGA,1.0746969758604028
Jt28TYWanzKrJYYr0Tf1MQ,1.2799616354449181
Jur1iiejUFw_YCkfDfy1gQ,1.1834366840451562
JyxHvtj-syke7m9rbza7mA,1.2163359139734944
JzOp695tclcNCNMuBl7oxA,1.53669559042818
K-uQkfSUTwu5LIwPB4b_vg,1.5951516922416802
K0j_Znzin0jShXVnpvW86A,1.386566035701255
K5XjxDyq3ZIjUhbtLaW4ZQ,1.1309859894838767
K7fip0nDFFdCC7OCnNOotQ,1.184209124014469
K7lWdNUhCbcnEvI0NhGewg,1.1155475743326893
KFAJsmQ6GnHxyfmv16s9VA,1.2296782783011198
KOEBBp2PhiV_4PkW9eo9Sg,1.409265795190686
KPV_FVNWkgmYh1ArVlt6kg,1.0739752195073349
KVpvE6pOPM9KMvak4HFsNg,1.499681840271793
KVsv8wRGnLX8QWoNZKNMQA,1.5077355947307085
KXITXbKuE60WSUDs7NZVLQ,1.4090508410866125
KalAJyO0Zpg3K1wVwYXBHA,1.4678231046278731
KhWl4Mwhm_Oqq0zIIz-0wQ,0.7970784450881268
KkmPDIWzvwbBpyqOHT6pcQ,1.3541707740151023
KmuLLSyZJdNoarwcIERHcw,1.3647676048509476
Knnc473zh8m7IBC0oLTHkg,1.2809419828872541
KskYqH1Bi7Z_61pH6Om8pg,1.4526041052498522
KuyB4pILxj4pKHvbY6CrJg,1.614084533358096
L2p0vO3fsS2LC6hhQo3CzA,1.4876629297312136
LFs5jyYdXlzi0SpAYi1eSA,1.526891778627973
LHyj66waFlDcw9UToo27JQ,1.4195510489134935
LNGBEEelQx4zbfWnlc66cw,1.2792459005905104
LNsZJP6jZ11e0tDljOLPiQ,1.5194402301439442
LQFmktF43j2NPncKdNd9mg,1.3956766950177841
LR0qF0FEVsCOhYWUOiH26A,1.0833423569004328
LYWbyu1EQM2o5hwHG5_Ldg,1.2055531644184503
L_ZLtfHvfzfoNVQ0-okTXg,1.5126365932245431
Lau3N654yNyWdIIybea1uA,1.2573825978621898
LelAlfuj5oVRF9CQdWLsNQ,1.58414222098462
LkMtMHVetws5_7QfRjPtlg,0.6388216666772728
LtXy1VinKWfuLFslVarKRw,1.089997367241933
LwQB9H3jZ9wTk24Lr-AnZQ,1.5003641914878891
Ly2ShApiomYZwKehwb7eRA,1.5628507122175368
Lz6QUlFkVKtnzSISk0WUPw,1.358274943977464
M51gw2cz_vXarNBLbKkOxQ,1.569416287241144
MAuSh7NKoT__CQ4BumoayA,1.2820664621892466
MM8n7SPaIuMlDGbUM5SZhA,0.8997187361175288
MS-hfug4QDXqb_Mws3qlzA,1.3766315026178952
MVHGmZEwtKrXH11ySGweEw,1.6606507311462764
MgHWbwuxxb_txhI3lK_bKg,1.597697965419034
Mh84_j7YmRrAcm0DWV4bUw,1.5929281451280528
Mn6PbumS7GL2v3jPilTaeg,1.2525254276277367
MpmFFw0GE_2iRFPdsRpJbA,1.092479026430968
MqYYYNA-ZYvV-1w5qcmMoA,1.4370579114808963
Mul_BVwcnhqmp2h_7QFepQ,1.622008531995832
N0apJkxIem2E8irTBRKnHw,1.4860159887326894
N5B7OBTyNGgwU_Y2fwNcyw,1.568813270744377
N6MzDoao6s68nAIW8vS9dQ,1.6695243933997421
N7yuiiu8jhQ-Fl9Npflreg,1.3884902446486218
N8D-5-fW7EkBdKjNYGhu0A,1.6217375180568094
N8uKQ5Vdb1LAh-qXT_25Rg,1.4731924832088001
N93EYZy9R0sdlEvubu94ig,1.5001972930687562
NAPuzJcanOp91dE4GXPOow,1.4478788329938115
NASjUYKkz6l7hQLxMf2lqg,1.6674647047209155
NCFwm2-TDb-oBQ2medmYDg,1.555027193384363
NFm869_w6cvVaWaNpAzjeA,1.454318223264152
NIF9q-xwMzYkmFyE2BCJDQ,1.0282671415322937
NIOwzgujIXKVBEVNTQBXpg,1.5920764893186228
NJ0RzuWd5xDqfJejYQZ65g,1.5484484941358887
NLEe-RzDSU-5BN6xp_WWCw,1.3697228190928723
NQXuoB9JTPUItHvouMgWjQ,1.6065360249290686
NQhPS0MUKJgBUB6PTLlmzA,1.3093693696665654
NXNa5OYmN1CNmXwHhDxpRA,1.4777117300938467
NY80DkkCfEl198JmwtO4pA,0.6825311913391768
N_2yEZ41g9zDW_gWArFiHw,1.18989255031379
Noi53T0PWNEN9mQRS3-Ncg,1.4462189749999348
Ns20WGWn6s6niKAGIQB4UQ,1.5206046046098909
NvKNe9DnQavC9GstglcBJQ,1.4099845199870884
NxjUiGBNgyDErKXnmQ3s3w,1.3672790367906582
O-uIEuv7JLUHajkemx_sVw,1.5443994371097132
O1TvPrgkK2bUo5O5aSZ7lw,0.9932610835990181
O6-BlCviQBIEcGW4ll6ZsQ,0.17857287992133838
O7ot_LMlCfLpOP9tBqeNfw,1.5113359612310873
OA5Li3ySzhrbG_WvD_QGYA,1.4153003429860316
OARQDsxyoGnnX2FfSl9HjA,1.388685391825823
OETh78qcgDltvHULowwhJg,1.3593506315099548
OHFH6ALQqq35NiEbD1eXuw,1.1461345932881715
OK0ba4X5seibH8oMWh4bhw,1.6080246934483535
OKZkEXzJt0XIamHRRTX-8g,0.9483708140231467
OPSNdO3LNPMt7qz1MNb42g,1.6065877764043917
OQggqcQglU-lHY3rY-8Lhw,1.5246395791154197
OTcBXjDkViDPds4Lxy8KIQ,1.273310732301634
OVTY-NpcTA7iXbMQmusv3A,1.377055036859131
OVTZNSkSfbl3gVB9XQIJfw,1.0956718245965804
OVczZ1qHXc3bjDprNvCKBQ,1.1169066142946527
OY0-hYJ2q6WiAqhYnCZZ0w,1.5441222738282538
O_C-2kZMHGnq3ZDL_OaG6Q,1.285887088344107
OgJ0KxwJcJ9R5bUK0ixCbg,1.5480075665231043
OjApDLQUPV8c_yPCg8xZog,1.4292595927256546
OneyDoIPnABworUjMHqXMA,0.8579945157045759
OoYwJANV9zD-_OA4Atu-gg,1.191766925093493
Os1n1_idfw9vv9kwULGJnQ,1.6107941819654874
P2GBKrx7dJg3xeGtuU2K-A,1.7146891732361464
P7pxQFqr7yBKMMI2J51udw,1.3695602080414973
P8IsTiHq5Hesa6UPL604ww,1.4892551934059068
P8uECqGqXWTwEndkh-6bQw,1.1090423361001245
PDIh1lVtKlUqPJROXYJQvQ,1.4155697164975878
PNTyiqS7R-0c1ofxOfDijQ,1.7437947832914527
PQER4ba8Q0zqB1G2QiXamQ,1.571450560894646
PRbIMseOwPCCRv5C4SfTDQ,1.4524361681260165
PVTfzxu7of57zo1jZwEzkg,1.6262849523261804
PXShA3JZMXr2mEH3on5clw,1.7198301919711572
PbyqDJf815zRn-7p6vYpAQ,1.46473333439101
PgJgpW4TKQ8IoALH2Yq-zA,0.9331029959819628
PglC8rgguMIlT621p1BLdQ,1.5052209443368154
Pob7ibbNT29--69nxXEP2g,1.4929938368231344
Q7m8G4579-XYKV3LMW8V7g,1.5498168371185415
QDeB3ZtWYzVJJ0KK-HM-PA,1.5422359958133924
QJR4qBUHegWEozSQrGmBPw,1.5101420995250596
QJatAcxYgK1Zp9BRZMAx7g,1.1367337661262435
QXV3L_QFGj8r6nWX2kS2hA,1.6544055688667985
Qc0l8rZ3nvrcERitgxu8XA,1.5735913752013317
Qihead6oTtWCwde3TBqlGg,1.3643776539846362
Ql5npMMRWKurN99tgA-g5w,1.1529165862220456
QsJ6orXv_VB7xz-MpqHzSQ,1.4858960328996764
QuybD_bJcAB2CHcpTfREYg,1.6447470682595569
R3TC2oq8fQK9c9BNMZ-ynA,1.3841755009694978
R6jpwPBe9edy0P64uyaLKA,1.2491951641131567
RAh9WCQAuocM7hYM5_6tnw,1.5681980373835318
RCdWzJI0acxponN70QDRcw,0.9613599868043314
RESDUcs7fIiihp38-d6_6g,1.1970957255521355
RJNAeNA-209sctUO0dmwuA,1.528579427033939
RNi6tW22UMgHwWLAb0mYdA,1.4369026736265589
RVQE2Z2uky4c0-njFQO66g,1.6740245464272325
R_ZlcX46pPdjhjmfd043LA,1.4532524339878128
Rd11Bosr8JkfoUhZLzpuxg,1.7125561188046747
Rg43a31sV7gNLZMjy-ZdCg,1.5226918093247186
RhEvP5flF6KoPriMHmVYGg,1.2172101811590288
Rj-7ymdw8aNZBRqGRAjR3Q,1.5665441918224543
RtUvSWO_UZ8V3Wpj0n077w,1.5212681951259526
RtnTbhWYw4QjKhoTBV37OA,1.467075115418372
RwMLuOkImBIqqYj4SSKSPg,1.23230429062977
RwRNR4z3kY-4OsFqigY5sw,1.2151031831070622
RwlumSqNBunw1a1LXccN8A,1.6689547692500664
S-egzF2c7bRpCUNbZqV8dg,1.4079923323717942
S-oLPRdhlyL5HAknBKTUcQ,1.6097000491475328
S37sKRRfkhFZRpxaYzWo_A,1.3929090574472356
S6TMBqrsi4PLRFoQFPScjQ,1.3950631388493955
SAIrNOB4PtDA4gziNCucwg,1.6030352654656463
SHFlELFcEcAOJv_fTAKChQ,1.5628345970384003
SMPbvZLSMMb7KU76YNYMGg,1.1104862816176413
SR0Q2hAEMJ_m23O_x-khSQ,1.4681357109048645
STtrEGylaYOXoXQFLP5OAQ,1.2825258879565382
SVGApDPNdpFlEjwRQThCxA,1.813870572323908
SWhHaWFuijy_KDs0zVCJog,1.5548993880266389
SZEFE5hL7aN5nM-A44iPwQ,1.5191069130222694
SeNOJ2zYHziptxLuiRINLg,1.4538428564616923
SmkYLXEYhzwUZdS6TAevHg,1.5113063893464058
So132GP_uy3XbGs0KNyzyw,1.658123126015158
Sovgwq-E-n6wLqNh3X_rXg,1.656994492814036
SsN-SaGGkJn2Qm-jSDQ4aQ,1.4932646604652768
SurnOSM2bVVN4-Js3G23RQ,1.5187725630838695
SvHAczHxIJ00QlJ9ovQR8g,1.1437224607777432
SwAZBCyFtVo_8vkRbJhdkA,1.4809254344105038
Sy75QB18Sv-xNp8FoA8KvQ,1.2789381215079378
SzcCJJmreMlWCsNjupdVAA,1.6483106915684886
T0Uw6vwwfO3el29wBoDamQ,1.0253807216077249
T2tEMLpTeSMxLKpxwFdS3g,1.490396028709594
T64FH66qs4EN0d0ds2f5fw,0.8664426141553815
TCWMgOiV0PxQkWE1SyBIWQ,1.3775098540860575
TCoBE_BkDRrK0bWrh5VueQ,1.3676556646238667
TTDMJetAQKfxVzKZy4Z_2Q,-0.20837843725948324
TVbVii4EUQt9DG7y698zIw,0.9158346447598084
TfabYPasZ1oOMN6JLa-yvw,1.448337677935729
ThNGovQZjZ5mn-ZwX_N2BQ,0.6379543332244547
TkEMlu88OZn9TKZyeY9CJg,1.5346289112800948
Trbt0Ex85yvwT8DHoEFCvg,1.1474891708469859
Tw3miGKZHtmxmaQZIYFRrA,1.6307746696061398
U-zsJM-VN89i3PbaIbKmJw,1.0837160176659875
U6P56MjLrraN0JBNvOjxaA,1.4462893207097605
U9aA5H13y7t9xWnoQslV0Q,0.8741364273307699
UCpUOtvqR-NBWBNVMzJleA,1.254646306471196
UE3AvVnaPEBPneVahYT2eA,1.5597642472628885
UMqfeCItzQ2glr4d9apGlA,1.7196028493636337
UNI1agsPX2k3eJSJVB91nw,1.2986324061840875
UOtoOybZ5vAB4aXBLc57vA,1.6032420204038489
UPIYuRaZvknINOd1w8kqRQ,1.478498549585343
UT6L3b7Zll_nvRidijiDSA,1.4020008862527926
UTXNr62dGSK-tet8OeXUcQ,1.575167049787576
UUGoM4q4i8rK2CBRS0xDAw,1.438263679428813
UV2Jt8slktGu14gLZeNCjA,1.5349548264575859
UYh1N1xQhOh-a7nX92xPzQ,1.51846750665816
UidEFF1WpnU4duev4fjPlQ,1.6684079038842503
Ul6JwluSTm12PVDIqnNaTg,1.5089199815410705
VG0nWxGsPixYLsyi49gyxQ,1.582635907170441
VGWEpMEkzQopS5lUNd06Sw,1.2609850757158454
VHZPbCbIPHEkKOotdCTiow,1.5447063491786497
VLDFjeqpUgWhnVuB_8GuEg,1.5452016569124447
VMXl3Dm1Nwvgwo1PVYTXbg,1.3346792405753822
VMr8sgoQOW0fo0qVJENajA,1.4639979894259652
VR8QvH2g-jEG5EfMzA_G9w,1.4005118276087214
VUtazCTIc0aoOrQprP_s-Q,1.110924449316962
Vay9xHwcvu7VRZOddBgn-A,1.4571702324284763
VrGI7_nRjXpn0415S3coGQ,1.3392392420169712
Vs7gc9EE3k9wARuUcN9piA,1.5644339862375065
VsewHMsfj1Mgsl2i_hio7w,1.2941608368603266
VyVIneSU7XAWgMBllI6LnQ,1.7241962160523048
VyjyHoBg3KC5BSFRlD0ZPQ,0.9582214765323452
W8apgXmOxESpoL_EeogC5w,1.5234875911061794
W9y-Bl9030-rmfxSTmUD_g,1.8321904589918452
WBt2pa7k_K2LKW2OJuXG9Q,1.4887608496778888
WRQ-9LluyivReFiQZFUujw,1.3342593618667873
WUq8HJHIZU4uteB154XN7w,0.9954196772260051
WYw3Uf56DT5IwpaLNnCH5Q,1.1193181696561239
WbJ1LRQdOuYYlRLyTkuuxw,1.5231821999194315
Wc9UpJhOcdSj7olZkz7SJA,1.336986634499107
WpI5MZC3XzlTpcUOKXzCbA,1.5157102703181735
Wxxvi3LZbHNIDwJ-ZimtnA,1.277446089031756
X8c23dur0ll2D9XTu-I8Qg,0.673185635646216
XC06xxb7FFYsXcI2E38IIw,1.5384481685487832
XMMLRvV4IMxIGyc4H37LxA,1.5594824793647706
XQJr9_jZR1vOoZVcZfDDwQ,1.0001172535589573
XXW_OFaYQkkGOGniujZFHg,1.3268157229854176
XZbuPXdyA0ZtTu3AzqtQhg,1.4405532813744142
Xg5qEQiB-7L6kGJ5F4K3bQ,1.527656153725448
XgsIf7s2zM-cC29WUD-NZQ,1.3348992135017201
Xj7DIGRHEchJ-VVdISazQQ,1.530375804592488
XmsBtCykUtObXg4Q1mYpvg,1.4955213809232035
XnJeadLrlj9AZB8qSdIR2Q,1.4596523962706118
Y-S2LhHefBdnX8VP5Bh_JA,1.1051843760367797
Y5CTA3S9TVkpr3Yvwaki-A,1.2531009878780568
YF4QJ_j-PM7cMZja6K1MwQ,1.1015225467390017
YJ8ljUhLsz6CtT_2ORNFmg,1.21265349558062
YPavuOh2XsnRbLfl0DH2lQ,1.3268320795176538
YQ--LJ7pvjiDSqNv0TuKTQ,1.5323653317944155
YRyYbOSwvHkZsZOLv98oQg,1.469354038471287
YSYDJTCt5kzY2kKnLNGRiA,1.5386388424916622
YXohNvMTCmGhFMSQsDZq1g,1.3705104386092992
YZGSNhgTS6YeyUYoivD-Ww,1.3985891655656713
YgVC9NdMji-VV05w7-E1DQ,1.2776918268300164
YhCAJ8acd1X7GkCHPhD8Xw,1.2292237350236033
Yl05MqCs9xRzrJFkGWLpgA,1.4095891188503809
Yl2TN9c23ZGLUBSD9ks5Uw,1.6705639946384017
YmOWkved7K8q3eXgf4NNnA,1.4366172357938713
YnmtUJGqQIQL9tz1MRyfqA,1.445446043589616
YuiM5VKscO8rS1EX7f19_g,1.3555190569184863
YzlgswAwmpkMQifS3-YQTw,1.6560892401053715
Z0YOHYA6YtW131xULbnMzQ,1.121323988681273
Z1E36owKeeZKDL-9ZuanJw,1.3793383721388495
Z5eukYH32_nFljOTC2DJ0g,1.542294281268939
ZAuAwz1ijuydn5yL3q3rzA,1.5850071025823025
ZCQa7CJxZ-53Zxd_pobWug,0.923310631085382
ZCzey5aPhd7jYIoHsUfjmQ,1.6193296500955192
ZOmf-3NN4Z59b2Fw6VAM7g,1.658794868472609
Z_JkVkaUcN4ITVeuG-4Qtw,1.2421867286745831
ZhLSAiRj9kANxf8m2SBfRA,1.7207042850942063
ZibmYdOPKLlqDM9oR6xzOA,1.3425998070656424
ZjSzUWHtnpCfjsa7CksSOg,1.1229458412879463
ZkGDCVKSdf8m76cnnalL-A,1.1083556219926596
ZkUWOdBA4T7pdUhT0dkRzQ,1.3395409879879596
_3olhuCXhoqjy4M2rBp1YA,1.5833300653841726
_4Gpn_NIM94D9OFucgfaJQ,1.4807740990195175
_5PJ4GHIXNdUdXtohylKGQ,1.3860825946373792
_9vGmNrEcLWFOnUzeUdfag,1.5474865711965766
_DPJ_PHJnXsuhYhsgBA0Xw,1.511105666159004
_PVqHUwjev4oOXomC7pk3w,1.2975130397459724
_WtxQbDK7B-ExGdeG-2j6Q,1.4303255957144807
_WvEXsx2eZ53lTWHlIx9kg,1.446228902202871
_XN-GwzZwAyIqLKJsl2htg,1.5814024446502748
_ZfjpSEO5ntk-1hbnwCR4g,0.93891809257018
_j2EtQtgLuXGRBfbM5YwZA,1.1373399852899688
_pBXtjN43eqMV0XZTz7nmw,1.094884087198052
_w5hBpkjHs5_Hv3pLeHtIw,1.503199063565303
a0v7Si0DK4cIko7AQY4YXg,1.6873622458080375
a192hdM0_UVCYLwPJv1Qwg,1.4388974096098328
a2ZBDIXmwBm7IWnXR6LK-g,1.4801366186560563
a8pmtlVKf7NiSLI-4KejIw,1.4257433510332358
aBLx9JlAMq_AuW6VAImSwg,1.2576369775200031
aD0EslPREWGDlSpD0RMlEg,1.4468096145204044
aKEEQqL1UFMieilnylI1gw,1.3823617335324176
aKcqKNcbwNydCBnvAA4TeQ,1.027955243869176
aLcFhMe6DDJ430zelCpd2A,1.4044560491733875
aLlREPOEtt3JzeDCagHytA,0.9102481754515374
aO1gAp41n8w8zpxTiHdLNA,1.4150086446998755
aT_SsfZ6GQgJGyuIv1Hapw,1.295701260080269
ahSFUPojs9X3-1jP-QPb-w,1.4387168773505354
aiX_WP7NKPTdF9CfI-M-wg,1.6125641359150054
ajoqEHnCZTD8-8GqGLq9-Q,0.8957875359487825
amNromvj2O7OAYYrlDEUcQ,0.9870588878372868
anzCdD5eIEHwydTpXhLlUA,1.5153545782493627
apdb7MGnmnx6nGWBJ0ch_g,1.6732692882025788
aqONNC5onqX6EqHHUO1CJA,1.4595488964801508
awI4hHMfa7H0Xf0-ChU5hg,1.2557741930079105
b3vRI8yXNK34hgC0Wd4Iag,1.3488306865351056
bSY97kgQpJ5BrpgW40V1qg,1.4403269177572755
beuVp5CZxCdNvQIIPBS2rw,1.6908940358564064
bjSC_jbrypke0l-bXXBmwQ,1.627324953905278
bp5ARRJu3_8CBsAS4tOWhA,-0.1168597669679978
bpRo8L8dkhgbJhdIKa9mwA,1.5002388378049485
bsrj9_hFAql3dlSf244zpg,1.092556351747722
bzbNGyrTwWHAgg1CqkSgeg,1.4863394570125952
cHdJXLlKNWixBXpDwEGb_A,1.2138431532288843
cJWbbvGmyhFiBpG_5hf5LA,1.3507350931874023
cKdox2gt3L1Dbb7MpOPdWg,1.3058728785639584
cKgUCzMGuRgkbKXUsgeXUw,1.4108621010804174
cTJjTKz2huGZ-ElScC2pSw,1.616996820389127
cTZmf7B-4yciMc1WKiCVOA,1.649561953073017
cX2Nr_XmGYlMaBW35M0sUg,1.4593667011076525
cYwJA2A6I12KNkm2rtXd5g,1.3569898966493412
c_iQzwsTDYraPvHSKz88QA,1.1878831126261749
cf6rtw3f05DlnJ7muIAEgA,1.2596160740447198
cs1qJvnWUg_f8g020z_3PQ,1.3781641059922427
cyzOijFJ82cae6qH6L8vuw,1.8067597260980404
cz5vz-893D3LNH3TMQYR1w,1.5558452810210912
d10IxZPirVJlOSpdRZJczA,1.7142414733234563
d2ZQRjuizstCTnicysmpMQ,1.5925281877864226
d4qwVw4PcN-_2mK2o1Ro1g,1.2100733608244385
d8lmIZIqmBC9oPM8y1dc7Q,1.6797453010935657
dCUuzw3R2rPqKyN2Zl9zRw,1.4681977941947213
dEAk-gE-5Q95a7p91gNn8A,1.4739706984837573
dKdApYVFDSNYsNOso6NYlA,0.8745186382377792
dLc1d1zwd1Teu2QED5TmlA,1.4758555128275774
dNr7VKRti8dXWE-jzfVBtQ,1.3546339678755328
dWFUKB_HPBIE87AFBHEb_w,-0.2688758476356662
dWk0mbhj79pK3WBp5oLtpw,1.5943723641494087
dYMhfzyZyklXELmYq_wfKg,0.9062916820140821
d_L-rfS1vT3JMzgCUGtiow,1.4643638464928401
dn51F67VLgPuqy_8SFk9oA,1.2680309926190343
dn_ipqbm7_jUz5X3rDez_A,1.3291697144758197
dxeu5YQIzw0jOp1cSVkimg,1.6639951649471192
e0CTLPxTnFEQSqQ1FJUqog,-0.044506856408334294
e0JOkQYz_cnz91k6X55PLw,1.6409911713161964
e13SEvJud_vgeDR_doL4sQ,1.4900830263977114
e41TP5cXZqSrz50xCBJqZw,1.5570723257478751
e4NQLZynhSmvwl38hC4m-A,1.6139322472629292
eAc9Vd6loOgRQolMXQt6FA,0.999504899123623
eDlgbI0Qg_mmI-Osvci0gw,1.5375685382326854
eEnNw3_hBvxcFHyr23kAuA,0.8078604412907036
eJKnymd0BywNPrJw1IuXVw,1.5830648082892336
eLFfWcdb7VkqNyTONksHiQ,1.582272074416796
eS29S_06lvsDW04wVrIVxg,1.4704609645135454
eStn1HCGNcKiLXc0pfvZxg,0.3121301321886816
eYJcI9cI6-kJ2NQpYdHcLw,1.52850337982777
eZcCFV-8X91ZSnmB9807bw,1.122968578903306
eaNenRk_liZBERFFLCXqqQ,1.7083004401261608
ebTvBxSStI9Vf5Tpux_X3Q,1.0829072447399166
eduRavkml8awmPachSZXuw,1.5345387078341146
ejaUQ1hYo7Q7xCL1HdPINw,1.4451073708109472
elqbBhBfElMNSrjFqW3now,1.5730307746958545
eoHdUeQDNgQ6WYEnP2aiRw,1.0872526376772882
epETdeCmoF_-ufT5b8ACUA,1.6171554338848342
esBRj9uPRzwxaW4Lz1XGLA,1.3419082925704806
ewmTwsZqCHH2gvCeDKz0dw,1.5952769916173744
f4kNNLU_0q_2J711jCN7dA,1.3622605550234548
f4x1YBxkLrZg652xt2KR5g,1.2558994771494134
f5O7v_X_jCg2itqacRfxhg,1.489029555755631
f8IMQgRwo-8GP372MElDGQ,0.5876055025820588
f9sU31meK0bqAD7922sCog,1.5332476038157612
fAlKTsfsUF6A5iujEI2Z1w,1.3951430590061238
fHM09_y3QX3n4a_bIFbk_w,1.4099072498395169
fJ7uw4dDFIga57868Oz1EA,1.814009777229088
fKlr9qNoV37WQJwQ826POg,1.4646254835280335
fKm6mfATDJRDDQH0PtZeeQ,1.3255301902069063
fL-b760btOaGa85OJ9ut3w,1.5682913455022158
fOnpoMXToa5Qiyg95E6ENg,1.4487577514759096
fQt4D34vcJNtEf8Q4zte3w,1.4221749857898036
fQt9QVAZM9PM0wFDdROvWw,1.3682554138961118
fT6Uwl6abRQfiNgxre_qbg,1.4637659737913562
fWetLvfQXqpZcBQLHldUhA,0.7905659993033579
f_eiOrEcMnkHB7GvQVOHkQ,1.4246823637054964
faPVqws-x-5k2CQKDNtHxw,1.6331520636574453
fbQaKW0Lte0JQ_opbnjdKg,1.4862070482798455
fcWkZgmzRsm3H4egzSrV_A,1.034283092644951
flE7Sn2JGs0n3SAtaep6Zw,1.4642052969094044
foQZ6guS0l49trURKh7vlA,1.2989992304523472
frCxZS7lPhEnQRJ3UY6m7A,1.5255189664082556
fwuvm9wWcvFwpQXzcneaDQ,1.2284202558695818
g-NKvwy8iLePEQHsoUb17g,1.141469900009907
g62SlImzhs6_1t-knPjd8w,1.4824591403888467
g83WbX_recywc4DEIZ-xug,1.3695155844773674
g8OnV26ywJlZpezdBnOWUQ,1.2603428597550819
g8oxQ1Ji9mr9PMjhEfaWSg,0.8458484604982222
gBfPyzPRmeOaj3SdcIj0Rw,1.565745012904624
gChmBjLSe3qa8rzEngoDLQ,1.255562409714861
gG9z6zr_49LocyCTvSFg0w,1.583640384355706
gNER9lE1Ma9FLm9MBsvYgg,1.2695905472582234
gO_z_5FQVHLCiJjOsfE1fg,1.4386584509160731
gQMAcDm8kv8ev7x2BshMwg,1.437743716112577
gRCEObNuHtI61xR32ytqNQ,0.5129403313040487
gSPqD1DR3lzgoaifIhdF_w,1.4207251921864072
gTlDDzDEHyDQ6iwjNhpI6A,1.6686715307913549
gTw6PENNGl68ZPUpYWP50A,1.538576065846392
ghDNHpqETRJGxG5iUtaZtw,1.328882294031002
gx2yPrOJSwF1ApJYdGBWIw,1.4980006684363991
gy-HBIeJGlQHs4RRYDLuHw,1.5306989824370898
h6Y1-KfN2XBkcrV85CS8yg,1.1322094841065895
h7s4MRVvB726jWHCHiQ9kw,1.55655956972385
hIUKufhwR6Ifn7bi0-phLA,1.7154892531378956
hLrrgQwn-K-IPI8g2etAoQ,1.1606023251705893
hRL_qCrcu9UL773su0QabQ,1.387636021121996
hRQS8y-uG2kc8miWVYiLuQ,1.3482933039198277
h_4dPV9M9aYaBliH1Eoeeg,1.510807349040215
hcFSc0OHgZJybnjQBrL_8Q,1.3013067366198006
hggVnGwA5042-ABxqeJX-A,1.6180438155322743
hihud--QRriCYZw1zZvW4g,1.8853765681005108
hpnFcRFzs3kg-qM1tPEg3g,0.5537127292276905
hrhtWc8UcoZqYr2d7YPgEA,0.8216948381898135
hroo5nOO8b9QhHX0GLg7oA,1.0991359963620888
i9D9xPBV0gR1Ja9kbY4NCw,1.678421008938047
iA8Ve2sZKN5Vz3mYKrtCaQ,1.4498352031380755
iBihgoxc6Ot7m2D4D3z0QA,1.4403419282853749
iCQpiavjjPzJ5_3gPD5Ebg,1.297697286654045
iGEvDk6hsizigmXhDKs2Vg,1.4499103556346993
iIwKW2cBAxjElE8eUzjwqA,1.397491080046228
iJi7yebXoPVXRyGqqL-v8g,1.5822929750270258
igHYkXZMLAc9UdV5VnR_AA,1.6105650322719636
ii8sAGBexBOJoYRFafF9XQ,0.9361830717864515
ixAh9crILnJ9tM8LhWFhkw,1.421352407769412
j2bx_ctb_ED3zbfSaqhQmQ,1.5783658337357716
j5nPiTwWEFr-VsePew7Sjg,1.3256380583141838
j8pUAS0qdEcPsjkqEDNbhw,1.5499859518831964
jItm9rWFREGUkHMJZRbbPg,1.1905776805350852
jIzygnVmajEXYmfsBNY_Gw,1.6568400451848024
jKmAswXvFVRHN4VP-88zOA,1.418894985275195
jLxeBgWhLRbII2ACkgH1Sg,1.5215932587430208
jWv5GUtEp30OD5L5C8c2DQ,1.7459938272896482
jaJnPIX9VxsFyfV5zQwk0g,1.2581743405051802
jlbP9Yd0AQP8OlcsFkZ4hQ,0.9888927234419336
jsuUmIEefPjV__ads62Z5w,1.4376836188175586
k1QpHAkzKTrFYfk6u--VgQ,1.6601590899077396
k1c_bC3DK6mKg797vH1T8w,1.5196946104426579
k6zmSLmYAquCpJGKNnTgSQ,1.3088821870806429
k7Sy557_ZaQSGHFlZgeJzw,1.4507170148144002
k8BqCejnaMlw7aoVthvqyw,1.5021539865142677
kABF0hYfAEnl166mn1zR1A,1.3244938257710077
kG_EB5RAsSA3f9HJikI1rw,1.4226005003087707
kJAmLFgiIjtjULunpr3NNg,1.3804879933166034
kOFDVcnj-8fd3doIpCQ06A,1.4746356425807512
kRgAf6j2y1eR0wOFdzFAuw,1.699051121287066
kj1p6NwUGROOoqNySf0I1Q,1.597997292337338
klddGAcNIpE_aB5sd1hNXw,1.509979310475388
l4pAkHCVUKAcDvo-iNSbYA,1.4219100302389462
lGy7jJ9oVZUJNkmZj7ewgA,0.9864796452414956
lIDgEB1HnKAq03H1fpjzLQ,1.5124729356799977
lKom12WnYEjH5FFemK3M1Q,1.1485577488797647
lKq4Qsz13FDcAVgp49uukQ,1.46605378658788
lOQPeguczAueJnLmDUTfGg,1.661597269226164
lTixk1IT-D4hoMZ6LgoyHQ,1.5730338415154341
l_GV0hgEoTUf70uJVT0_hg,1.5029716914439082
lgWB0yGXpZvupYREWxtV7g,1.3838037331949742
lmxA0dJM0XsPCIHPXhEQ-g,1.4576659171219926
lpYFsXFrojiBZ1kbWR2lZw,1.599904364847752
lwxYmWqjmEZ0ukCsXC9Pfg,1.3804455902366544
m-xsH8VkcYtTTvp2Fa6Ajw,1.3713664924330102
m2zASwlOL2vecCKHfmGAnQ,1.7263964090279456
mC39IrCp36QIVFRZIw9PTQ,1.498972334511964
mD7zqv7Y3kvsa_p_MtTayg,1.6077718816144317
mDR12Hafvr84ctpsV6YLag,1.7933716914856848
mG71gQ5HWl7ut9OCN6NJKA,1.3193176296263893
mPfdYJj4d5KBPINDkaZY-Q,1.614527022677247
mU3vlAVzTxgmZUu6F4XixA,1.465622495346407
mUdalYTuAtnZm2K9zoH27Q,1.4799381047671232
mZRKH9ngRY92bI_irrHq6w,1.706089518303138
makqSKZaz1aUipoWBW0BsA,0.937689749549317
mbLguBsFuy34zKlor2xcIg,0.9777216673213055
meXjqyhTNLFmknY39y2sMg,1.6768816458912505
mmazCP1ZH0QsUqDS6OivFA,1.4225771736500519
mnwRtuVQEsIUomBchu0gwg,1.5873181654604531
moZpwq1hNxC-uJRpfupOTA,1.5287746665128377
mz48xdVWcCu463U3Lm7lhA,1.4637997191382217
mz9ltimeAIy2c2qf5ctljw,1.4660340931411282
n8Zqqhff-2cxzWt_nwhU2Q,1.4616358840157337
nQD284VfImPe_UXkmq4yaQ,0.7114473596413635
nUpz0YiBsOK7ff9k3vUJ3A,1.5893500500117212
nVAJZ6BJ9PPlxDXn976R6A,1.1487909299257004
n_K2xa_nqzUqaUJa0S_5tQ,0.9450184493985953
na4Th5DrNauOv-c43QQFvA,1.2289062080106958
ndQTAJzhhkrl1i5ToEGSZw,1.4996805644965459
nnDLapJk1z2NJE0-XzwMlQ,1.409361328515408
o597EK6uvR5RuPMZEwYCUg,1.424764616481642
o5QDrg_kb4hgsWxV6cV_Uw,1.523315779165229
o7AiTlyWUrBSzdz6oMHj5w,0.6826513731328383
oDNfrdvMV2Fq0R6vd2XwNw,1.3728581071443935
oEkOj9NXJFrjFn3NBB_jpA,1.3049752649904405
oGASRzKGpuiP12ilQH_nKg,1.5260238236824273
oVrvzUJczq0e2JzVxSTyag,1.326053795363298
oXoVJ0xKv82cBo9U6oEjlQ,1.2889400832700415
oaqbLDW3wNqkynlnp4mvlw,1.4458842824393452
odyYR1Bg2bqmp1kVlm8OYw,1.4307273543072594
oeW0vIYd3rUnAPgmD4fEFg,1.390053288149291
ohEnmKpF7i2_ujme1p_vUQ,1.6003481388631267
olmCDBoMF-EhN8U2livBSg,1.5334275857512767
osSwv6CJy5hDKQdOKeyTow,1.3307255279001673
osu1j_Lg8R9brpuMMn3a3A,1.5533795161506903
owLXnEhlMLsFpemYoOxNkg,0.9479280136678675
p0iEUamJVp_QpaheE-Nz_g,1.1017833125803826
p3YqOYELqXtLyHz9T49p_w,1.3021587698214794
p4qvXkb34X8hgidxEZ33Gw,1.4272869421838
p5rpYtxS5xPQjt3MXYVEwA,1.5177391511109868
pFQaji0idkrzv5J-qTQ82Q,0.7710170359878775
pH0BLkL4cbxKzu471VZnuA,1.5255855201185218
pHJu8tj3sI8eC5aIHLFEfQ,1.5025006357393846
pHpU8lnnxMuPWRHOysuMIQ,1.669657992541417
pKk7jCFIm96qDdk0laVT2w,1.4888822220228204
pLMPpaJ7whp86uL_3ezwMg,1.4518238515835533
pSQFynH1VxkfSmehRXlZWw,1.3790225545086734
pYeoaUJ6veQ3FEiSBnVMcw,-0.20733223968765574
pik4ebdFa0UcUhnNkivFcg,1.443767400371467
pjpUOlJLlkIxBZ5BquA2PA,1.7498857283077704
plWuv4gda7m0KlqCNhrb4w,1.590738348595123
poYsvuOmVDqF4dTnjJ780A,1.6495064310130414
pomGBqfbxcqPv14c3XH-ZQ,1.472470195371131
pyqnGlIfP9Zw8LLxBjyAiA,1.4080272644112208
q-zZgXKAQFLEgMp9ZNllgQ,1.4172979147891955
q18xbq3Cbyp_BJyfMQxFxg,1.318346254826109
q3dJQtwZQrrurNT-1bNKgQ,1.5501020808518469
q3oJ6bNRV3OoJrwc95GOwg,1.3890192462737327
qEJjv2k8nDhOiYpmi_aVOw,1.0305554909403642
qFAw6wHMMcr4ctF-ZdGhEA,1.5452388780257669
qKS7YV76te6olKnA_aMPTg,1.6912096545913218
qNYLt8zizn--wEpT1KILfw,1.756093956168506
qQCsLGMncJp1xWUGnOKCQA,1.5761192392119128
qSP6RqBJUyJRsQKTarlo6g,0.8386159830885516
qgAZPDQStZP_Y5XTiQ6UqA,1.6951347205626703
qjnJFZtsY_nfRzoL3J_UWQ,1.025813470836318
qkyCuFJF2Uboh6n2Lmuwlg,0.9969919611584619
qmIHO-6T_KEfPC9jyGDamQ,1.3863868135721662
qmymSqVwHYRqdwfcBatzpQ,1.532137453988088
qqs7LP4TXAoOrSlaKRfz3A,1.5240885025717976
qsJkjQoM3Hdg6Gtqp2S9_w,1.3366948661998836
qx6WhZ42eDKmBchZDax4dQ,1.7997132786974461
r5PLDU-4mSbde5XekTXSCA,1.5626359661744267
rTS8LsUmNIiXsXydE49tPA,1.2548416298325487
r_BrIgzYcwo1NAuG9dLbpg,1.6078101505592066
rbcfYmJtqwIkk17IeOI5Kw,1.6147225241000873
rcaPajgKOJC2vo_l3xa42A,1.426398878247936
riFzCvp77DMKDX-5GoTpqA,1.0301017644121748
riM-pBsdqRRVXtAVbLfsxQ,1.3154055123090826
rioQ_p2pILNbJ4Xp5jW6-Q,1.422416617995293
rq5dgoksPHkJwJNQKlGQ7w,1.5391869721880898
rtlsfmdufArhk-47sWIf2w,1.567049472864121
ruWTngdiC68O9la27hvvHw,1.38416933361586
rvnTFEq7R2ZHg0_CYbBNFw,1.032997951291114
s0vNtuLs1cwEqHTXKiS05w,1.4048609643713632
sJNcipFYElitBrtiJx0ezQ,1.5698643505687246
sKrlmbrZWCyLIgiMihCPqw,1.714749205094576
sMzNLdhJZGzYirIWt-fMAg,1.4740927981298277
sNVGdeOPeitJ3OWUQBINzQ,1.4706217072361658
sOYsxYYFl03PhHmz_rBDZQ,1.7135657922281544
sdYkVaTy7EJwUkO8Ie_qPg,1.677225858110684
snw9iNNLpFYZeHotW00uVA,1.4970334616610619
sqRX-XLlhx4rs2c1TpBf8A,1.5184523816202247
svdEhLmNmpVaIv1WLtoOvQ,1.6781873001678849
sxNMGQwUuaDsviR4BtuX0g,1.4591453943743857
t-o_Sraneime4DDhWrQRBA,1.3444817182939457
t53w4JlkxTau-G-TzhSWog,1.0738181420916906
tIX6o1jkLrrmsJIdGUjA5A,1.6462059895897874
tMdgY7Ou4k3bYZZulJCiuQ,1.6018611288399072
tOhRQqiupLyJdBJVQMGOEQ,1.2880024486942563
tQifTiY-vutj8orxcMJKfQ,1.6056137636820684
tV5PcOIFlB12dpcbCy78VA,1.6600664962895786
tWiFat101ID5w_wgAPMXhA,1.3292888179601094
thBWpIcP6vclsHS6GfI1dw,1.4984793982530198
thLX_k20SPJ0KyusGTBIHw,1.623856352388401
ty5KQYqYRxwXDG_e4pz-4w,1.13389283868399
u-67zd1ImTv3EEr5kIdWrA,1.1470013304841473
u-SJ5QUwrNquL9VnXwl8cg,1.6831705073945062
u4sTiCzVeIHZY8OlaL346Q,1.5252401804970634
u6xb2aUAvX6i1WhsQWqgWg,1.3614383096215226
u73j2VQ3TGWdMO-AG7MABw,1.0861687963736963
uAAWlLdsoUf872F1FKiX1A,1.2914507438182188
uBdYMY6a6A7FyxzTSwOiDg,1.5471627725398918
uGupeWqih0yIcCg8anM1PA,1.3205614437363096
uI-dbKk_9cUen7pi3-16Sg,1.3410891550083748
uKKNw68mZZaa1jcyszEbyA,1.6182037219796392
uW6UHfONAmm8QttPkbMewQ,1.4923442425176217
uWECX6-Uq9n8v5ipk9R29A,1.4454132822922285
u_vPjx925UPEG9DFOAAvFQ,0.5731491840128492
uanCi4OGc1mHLGl_AT4JhQ,0.897164523932014
ugLqbAvBdRDc-gS4hpslXw,1.311467284342968
uh7DUWtPoZkuEE05fghJ_w,1.534775717837712
ujHiaprwCQ5ewziu0Vi9rw,1.0976312190439512
ukCTLs6T8LY1eUBXiAlmCg,1.6609418659640338
umXvdus9LbC6oxtLdXelFQ,1.5957898746505248
utIA0LyQmwP-9DRyxUe6qQ,1.525415668730653
utoTa3Ngv_oSfB5TIMgN_Q,1.4557525812952692
uuGL8diLlHfeUeFuod3F-w,1.3512307422820051
uuGlYAIvYAX1q1KhpY6dtA,1.508176542637378
v1AE1LLWDOqe8ubOzqKADg,1.6906251209062764
vK1_qKEG7zHvjiTOsN0CRg,1.6063391868139016
vOfz55MmWgjNQ3BA2PnhgQ,1.295512948944833
v_yCY6NCwxCPIsNZR80UfQ,1.563938067319972
vjaHGc25CcyNPZTbjDa7Ww,1.5459326135084275
vjhB95c5nOXflNoyq_jKzw,1.3033216082002466
vl1aHp6pvnSmpoRQShWLjg,1.3235265491730994
vl2IZrNJEA8npSjqXbdwxw,1.4417823782955368
vnvQ0lD9MDje2DFde9PKQA,1.102587178103077
vsFFbN71ehRCp46KeR5RdQ,1.5719868540333555
vx4YAA02Qz6khRD1fZ1MFA,1.108430513337332
vz8HFGsITt6aj-nyXkAEFg,1.4827360329112118
w-As0KSwy8pqMClOea-NLQ,1.2482327311814334
w12x7UBSSRsdbp3ZqguG3Q,1.4587819094124859
w5CSi-An5meLnxjKSFn0wQ,1.3469652670234182
w8RWhhuKxMiFCpvFvIQ3zg,1.4185150976228018
wArcCMVnrl_tc9MULW-0CQ,1.382218725233388
wHVWfC_a6koeiJXAu78e1g,1.479536970619012
wKA2y-F_fPcBDOkpzDB9eQ,1.602007063537216
wPiRP76arN0NB3M1ZXXp7g,1.3825313658905873
wTjvgkUJMVWrYed9mXdQjg,1.6654004973104515
wUKzaS1MHg94RGM6z8u9mw,1.7167829371585297
wWuGa3OOQJro_XGe-GKBXA,1.5125425195377555
wX1ORSDKPkA5ftE7F6UONw,1.6893436218820563
wZukjLaf1V2dLRQap_Zriw,1.737427871511849
w_UCGMgok7N9p0XdYBx1VQ,1.1598773749020599
wdOOK3K6vzQy1d_OIk-U9w,1.1568715126281275
whAwdYVty-jSNRhrYT2zHA,1.5359574274684207
wl0QZqAzr1DelslQ02JGCQ,1.5286654258044732
wmCBxE0PfLZD8sxIwAY59Q,1.5569419691539272
woXlprCuowrLJswWere3TQ,1.6050009330696369
wpnLPAnkMEb1NpC3xiD_qg,1.1873137563264615
wrhPNdPh0FfSv3DMS0obhw,1.0158326950615053
wuQDMDlqM17jQNo0lYQZ7g,1.439000310624076
wxL9wgxLeuMMfI6SAXIzJw,1.4940520169591678
wzugmCevnXuCMCF4upAf0w,1.3601619475445916
xIbtbAJLWLNZcqfqF4f-Nw,1.607650666300507
xR1gLCH5resvtq1eV1nebg,1.4120748065216884
xTOX8D1Tavoi9vPWL-nWdQ,0.9197131320385142
xVEtGucSRLk5pxxN0t4i6g,1.595529349068769
xZhNZb01n9b4e2X7bZdoVQ,1.4896514720756628
x_yLsQMQtlE0rdxnaf6J5w,1.1858726366054937
xcmmTXhuMx2fZF2Bt69F4w,1.551534695984656
xfWdUmrz2ha3rcigyITV0g,1.3551739101245572
xfzDtGxx6B4a27RAyah69w,1.5210306408654444
xjjxHavx4RIiW6zS6rasGA,1.7580565918578444
xkVMIk_Vqh17f48ZQ_6b0w,1.412773277951504
xtYiHTmunjfCN2sUaQxBjA,0.7154430244216515
y1eeVRfJa22CCpUCeNfrSw,1.4833198638620166
y4ETe3DkcIjjr_eyeg5U5g,1.5934437084109974
y6QP5IrOJ7_FsB51jN2_Jg,1.559193906784807
y7Js-07RF8d3N_AEtaw2VQ,0.863641538962175
y8d90Pt16Nip-B5UXWBP-w,1.4609494604036757
yMopev-RPxfEXgqkJOvCGA,1.623240493024512
yNPh5SO-7wr8HPpVCDPbXQ,1.4782920838702527
yNVcnSaMSrTmjJBMrHTy9w,1.323845008105705
yQab5dxZzgBLTEHCw9V7_w,0.8348099797019161
yZAGhlsrmupLbrgdKm6reg,1.5199042241394733
ybHlmdUHLPKfv85bRK4Wtw,1.5402248260452145
yet0Pww_ouW49T7V41ecSw,1.4702080988428798
yfxDa8RFOvJPQh0rNtakHA,1.0875246181064027
ygaOvp0PLBYaYeN9cZAlGg,1.5939548172910927
yhYhK7tb3la5KcLlVzG5Lw,0.7736767603154889
yhgUyctWczUN13MinNgZ3w,0.3506261558560803
yp2nRId4v-bDtrYl5A3F-g,1.7284358937854003
yqYtY3-Po4OVPafA9Z-Xyw,1.7019932148666825
ysv6yhVYOoH9Pf7PlMyD0g,1.2431670064829923
z5J9U_HU4iVLwaCH6rdC2w,1.1138886453810883
z6-reuC5BYf_Rth9gMBfgQ,1.5052587873327037
z7GAft_JrFNmAH5xbVeYSA,0.5779494839522852
zEaGcSVPDQipnRdEZp-F6g,1.497456821417262
zJGtD3y-pAIGNId4codEEg,1.4831925774375887
zRqi6L1u-YmmVAHjeUbGMQ,1.6046768217583138
zU9w_xRlQSRIYXxGo-HSOA,1.0100358732156123
zcScEL0WEdFkROcnz5379g,1.3033721270623841
zdE82PiD6wquvjYLyhOJNA,1.5534817240612466
zgQHtqX0gqMw1nlBZl2VnQ,1.2002171700386255
zlpLjbwrKuNs8zROgB_qUQ,0.890286457537186
znWHLW1pt19HzW1VY6KfCA,1.0900861092290797
zoODlH40edpJYLPLkHilNA,1.22586746343267
zpoZ6WyQUYff18-z4ZU1mA,1.6195042192208975
zrDi4gEaUi64lAMfJU51dw,1.4375109354953222
zrTGcb83AsfyVTMrsCa65A,1.2292202387421824
zwNC-Ow4eIMan2__bS9-rg,1.427002814310102
